City,Temperature (F),Humidity (%),Clouds(% Cloudy),Windspeed (mph),Latitude,Longitude,Country,Date-Time
berlevag,24.58,74,75,25.32,70.8578,29.0864,NO,1612733639
ushuaia,62.6,55,75,6.91,-54.8,-68.3,AR,1612733485
vaini,78.8,89,75,13.8,-21.2,-175.2,TO,1612733584
mataura,67.14,50,98,3.09,-46.1927,168.8643,NZ,1612733561
butaritari,81.28,80,93,19.15,3.0707,172.7902,KI,1612733607
rio gallegos,68,40,0,23.02,-51.6226,-69.2181,AR,1612734007
hobart,54.91,54,40,12.66,-42.8794,147.3294,AU,1612733509
albany,29.37,71,100,1.25,42.6001,-73.9662,US,1612733342
saint-philippe,76.41,74,90,13.6,-21.3585,55.7679,RE,1612733588
soto,85.69,47,0,1.99,-32.8107,-61.4026,AR,1612734011
noumea,80.24,78,0,3.44,-22.2763,166.4572,NC,1612733912
punta arenas,73.4,21,0,14.97,-53.15,-70.9167,CL,1612733588
port alfred,66.99,95,100,9.69,-33.5906,26.891,ZA,1612733591
new norfolk,53.15,67,50,1.01,-42.7826,147.0587,AU,1612733561
rikitea,77.65,72,97,13.13,-23.1203,-134.9692,PF,1612733591
marsaxlokk,62.69,72,0,12.66,35.8419,14.5431,MT,1612734018
jamestown,14,73,90,14.97,42.097,-79.2353,US,1612733532
kaitangata,68,66,100,5.01,-46.2817,169.8464,NZ,1612733667
ancud,78.71,30,0,5.75,-41.8697,-73.8203,CL,1612733637
manicore,79.45,93,95,2.06,-5.8092,-61.3003,BR,1612734023
goure,72,15,0,3,13.9835,10.2704,NE,1612734024
sorland,32,69,40,12.66,67.667,12.6934,NO,1612733463
thompson,-25.6,68,75,17.27,55.7435,-97.8558,CA,1612733575
alegrete,79.21,54,0,7.52,-29.7831,-55.7919,BR,1612734028
namibe,72.99,75,100,4.43,-15.1961,12.1522,AO,1612733599
nikolskoye,16.25,86,75,13.42,59.7035,30.7861,RU,1612733593
manutuke,72,61,10,3,-38.6833,177.9167,NZ,1612734031
upernavik,18.34,79,2,2.84,72.7868,-56.1549,GL,1612733377
bredasdorp,64.4,68,5,5.75,-34.5322,20.0403,ZA,1612733370
arraial do cabo,73.4,88,75,6.91,-22.9661,-42.0278,BR,1612733320
tasiilaq,26.6,50,0,14.97,65.6145,-37.6368,GL,1612733374
kununurra,78.8,100,40,3.44,-15.7667,128.7333,AU,1612734037
coolum beach,74.7,85,55,3,-26.5333,153.1,AU,1612733598
tual,83.52,78,100,18.7,-5.6667,132.75,ID,1612733942
liverpool,35.19,60,90,17.27,53.4106,-2.9779,GB,1612734034
isangel,78.8,83,20,5.77,-19.55,169.2667,VU,1612733606
gwadar,65.43,56,0,6.64,25.1216,62.3254,PK,1612734043
alofi,84.2,74,40,12.66,-19.0595,-169.9187,NU,1612733620
pisco,74.44,73,75,10.36,-13.7,-76.2167,PE,1612733390
soderhamn,12.99,91,3,5.93,61.3037,17.0592,SE,1612734046
faanui,81.1,77,2,13,-16.4833,-151.75,PF,1612733472
atuona,79.63,74,24,20.87,-9.8,-139.0333,PF,1612733498
hilo,75.49,50,1,3.44,19.7297,-155.09,US,1612733521
svetlyy,6.8,78,0,6.71,54.675,20.1347,RU,1612734051
georgetown,79.11,83,20,1.14,5.4112,100.3354,MY,1612733368
broome,24.91,63,40,12.66,42.2506,-75.833,US,1612733683
salalah,73.4,68,75,4.61,17.0151,54.0924,OM,1612733645
faya,56.3,44,0,11.5,18.3851,42.4509,SA,1612734056
tiksi,-28.37,86,37,5.44,71.6872,128.8694,RU,1612733466
cidreira,74.41,65,0,9.1,-30.1811,-50.2056,BR,1612733372
busselton,61.61,99,84,1.01,-33.65,115.3333,AU,1612733561
husavik,32,74,90,3.44,66.0449,-17.3389,IS,1612733448
birao,63.61,28,77,5.66,10.2849,22.7882,CF,1612734061
kyabe,70.61,19,45,4.76,9.4515,18.9449,TD,1612734063
baykit,28.33,95,99,7.16,61.67,96.37,RU,1612734064
ingraj bazar,57.38,62,0,7.56,25,88.15,IN,1612734065
sitka,35.6,32,1,1.39,57.0531,-135.33,US,1612733584
kurumkan,1.69,88,100,2.37,54.3,110.3,RU,1612733677
ballina,73.67,65,40,12.66,-28.8667,153.5667,AU,1612733641
puerto ayora,80.24,74,75,12.66,-0.7393,-90.3518,EC,1612733496
castro,63.61,75,0,3.09,-24.7911,-50.0119,BR,1612733511
hamilton,21.7,30,75,11.5,39.1834,-84.5333,US,1612733634
kodiak,30.2,64,1,3.44,57.79,-152.4072,US,1612733348
lavrentiya,-8.97,85,0,8.01,65.5833,-171,RU,1612733687
grand gaube,78.01,83,64,1.01,-20.0064,57.6608,MU,1612733609
le port,70.93,83,90,11.5,-20.9373,55.2919,RE,1612734077
khatanga,-29.72,79,0,10.65,71.9667,102.5,RU,1612733468
bijawar,53.42,43,0,0.65,24.6333,79.5,IN,1612734079
gazanjyk,48.04,78,83,12.71,39.2446,55.5154,TM,1612734080
narsaq,35.6,30,64,44.87,60.9167,-46.05,GL,1612734081
mahebourg,80.6,78,40,10.36,-20.4081,57.7,MU,1612733331
tuktoyaktuk,-27.4,75,75,17.27,69.4541,-133.0374,CA,1612733606
cape town,66,68,0,18.41,-33.9258,18.4232,ZA,1612733599
carnarvon,75.2,100,40,10.36,-24.8667,113.6333,AU,1612733597
asyut,57.2,72,0,5.75,27.181,31.1837,EG,1612734087
hvizd,21.42,97,100,9.42,48.6852,24.5506,UA,1612734088
charleston,49.98,71,40,11.5,32.7766,-79.9309,US,1612733804
svetlaya,2.53,83,100,13.13,46.5389,138.3297,RU,1612734091
kapaa,74.32,56,1,3.44,22.0752,-159.319,US,1612733619
salisbury,33.13,74,75,21.85,51.0693,-1.7957,GB,1612734093
taltal,68.65,64,28,6.67,-25.4,-70.4833,CL,1612733620
tautira,86,58,20,4.61,-17.7333,-149.15,PF,1612734096
chumikan,-6.95,83,100,26.98,54.7183,135.315,RU,1612734097
katsuura,42.3,49,20,9.22,35.1333,140.3,JP,1612733405
victoria,64.69,78,0,1.01,22.2855,114.1577,HK,1612733380
mackenzie,-4,77,1,10.36,55.2999,-123.1698,CA,1612734100
airai,60.94,100,100,2.53,-8.9266,125.4092,TL,1612733691
kruisfontein,64.99,91,98,1.99,-34.0033,24.7314,ZA,1612733525
cozumel,83.57,70,40,9.22,20.5083,-86.9458,MX,1612734104
port elizabeth,66.2,94,90,11.5,-33.918,25.5701,ZA,1612733617
rapar,66.49,34,0,8.88,23.5667,70.6333,IN,1612734106
asfi,57.83,73,78,6.44,32.2994,-9.2372,MA,1612733590
langenburg,32.38,100,90,2.3,49.2544,9.8458,DE,1612734108
belyy yar,8.6,85,40,2.24,53.6039,91.3903,RU,1612733614
guaruja,77.76,78,20,4.61,-23.9931,-46.2564,BR,1612734003
gushikawa,55.98,93,1,5.75,26.3544,127.8686,JP,1612733959
lebu,61.61,83,10,4.7,-37.6167,-73.65,CL,1612733586
east london,71.76,84,100,8.14,-33.0153,27.9116,ZA,1612733371
broken hill,60.8,55,0,11.5,-31.95,141.4333,AU,1612733535
plettenberg bay,64.85,77,84,6.17,-34.0527,23.3716,ZA,1612734117
amga,-35.05,81,7,0.85,60.8953,131.9608,RU,1612734118
henties bay,64.99,86,99,5.01,-22.116,14.2845,NA,1612733593
san andres,86,66,20,10.36,12.5847,-81.7006,CO,1612733604
bonavista,29.48,64,0,10.36,48.6499,-53.1147,CA,1612733600
dikson,-32.42,84,63,16.49,73.5069,80.5464,RU,1612733502
xuddur,70.54,73,28,15.95,4.1213,43.8894,SO,1612733705
avarua,84.2,79,40,13.8,-21.2078,-159.775,CK,1612733466
bluff,60.21,71,99,4.21,-46.6,168.3333,NZ,1612733463
cockburn town,80.6,69,20,9.22,21.4612,-71.1419,TC,1612734045
klaksvik,37.4,56,75,13.8,62.2266,-6.589,FO,1612733382
hermanus,64.99,79,3,3.6,-34.4187,19.2345,ZA,1612733624
honningsvag,26.6,74,75,24.16,70.9821,25.9704,NO,1612734130
linhares,73.11,96,100,2.89,-19.3911,-40.0722,BR,1612734094
cherskiy,-3.68,67,6,1.99,68.75,161.3,RU,1612733632
ilulissat,24.8,39,0,5.75,69.2167,-51.1,GL,1612733656
jalalabad,54.81,39,82,0.22,34.4265,70.4515,AF,1612734135
sambava,76.87,87,98,4.18,-14.2667,50.1667,MG,1612734129
ahipara,71.13,60,9,9.01,-35.1667,173.1667,NZ,1612734138
novyy urengoy,0.32,93,100,17.31,66.0833,76.6333,RU,1612733956
rawson,61.14,51,9,13.82,-43.3002,-65.1023,AR,1612733652
vostok,-15.12,90,100,3.33,46.4856,135.8833,RU,1612733378
saldanha,62.6,72,0,14.97,-33.0117,17.9442,ZA,1612733394
hasaki,29.73,86,75,1.14,35.7333,140.8333,JP,1612733517
male,82.4,89,75,11.5,4.1748,73.5089,MV,1612734050
ponta do sol,53.91,70,39,7,32.6667,-17.1,PT,1612733613
gat,54.68,100,27,2.46,31.61,34.7642,IL,1612734124
rio cuarto,82.72,54,20,14.97,-33.1307,-64.3499,AR,1612734148
placido de castro,87.15,64,26,2.8,-10.3353,-67.1856,BR,1612734149
novikovo,2.77,92,5,5.55,51.1537,37.8879,RU,1612734150
manacapuru,78.8,83,40,8.05,-3.2997,-60.6206,BR,1612733970
bad doberan,25.7,63,90,26.46,54.1071,11.9005,DE,1612734153
qaanaaq,13.08,85,65,6.93,77.484,-69.3632,GL,1612733622
severo-kurilsk,16.65,89,32,10,50.6789,156.125,RU,1612733627
tripoli,66.49,61,88,15.93,32.8752,13.1875,LY,1612733881
ponta delgada,57.11,77,20,6.91,37.7333,-25.6667,PT,1612734158
lompoc,62.17,67,1,12.66,34.6391,-120.4579,US,1612734159
iqaluit,30.09,69,90,18.41,63.7506,-68.5145,CA,1612733362
hithadhoo,82.2,68,50,8.46,-0.6,73.0833,MV,1612733609
esperance,62.6,88,19,11.5,-33.8667,121.9,AU,1612733497
fairbanks,-15.05,76,1,2.21,64.8378,-147.7164,US,1612733890
tuatapere,64.15,62,100,6.67,-46.1333,167.6833,NZ,1612733641
tenenkou,76.69,18,100,16.22,14.4572,-4.9169,ML,1612734166
emerald,81.23,83,40,6.91,-23.5333,148.1667,AU,1612733391
vulcan,35.4,86,85,5.57,45.3833,23.2667,RO,1612734168
barrow,-25.6,68,20,9.22,71.2906,-156.7887,US,1612733592
avera,51.19,62,1,5.75,33.194,-82.5271,US,1612734171
seymchan,-11.16,84,100,20.6,62.8833,152.4333,RU,1612734172
antofagasta,69.8,64,20,14.97,-23.65,-70.4,CL,1612734173
kavieng,83.95,74,63,9.46,-2.5744,150.7967,PG,1612733495
paamiut,28.42,85,80,8.88,61.994,-49.6678,GL,1612733661
saint-prosper,26.6,59,100,10.36,46.2117,-70.4811,CA,1612734177
cabo san lucas,73.35,56,20,12.66,22.8909,-109.9124,MX,1612733588
ribeira grande,59,77,40,11.5,38.5167,-28.7,PT,1612733618
tukrah,68.45,33,100,30.18,32.5341,20.5791,LY,1612734180
yellowknife,-31.88,68,1,6.91,62.456,-114.3525,CA,1612733471
darnah,65.52,41,100,29.66,32.767,22.6367,LY,1612734183
tommot,-26.07,79,0,1.77,58.9564,126.2925,RU,1612734184
sungairaya,74.91,90,99,5.7,0.7,108.9,ID,1612734185
warrington,35.24,60,90,17.27,53.3925,-2.5802,GB,1612734186
omaruru,74.23,39,34,3.13,-21.4333,15.9333,NA,1612734188
chokurdakh,-18.11,88,98,8.12,70.6333,147.9167,RU,1612733495
san quintin,65.82,51,0,9.84,30.4833,-115.95,MX,1612733613
yulara,69.8,40,0,5.75,-25.2406,130.9889,AU,1612733528
ilinskiy,8.6,78,40,8.95,55.619,38.1182,RU,1612734192
cascais,56.97,98,96,24.61,38.6979,-9.4215,PT,1612733897
codrington,57.83,69,100,11.95,-38.2667,141.9667,AU,1612733608
igrim,-5.64,91,100,10.92,63.1906,64.4162,RU,1612734196
kodinsk,22.32,96,83,5.48,58.6881,99.1844,RU,1612734197
mount isa,77,100,100,5.75,-20.7333,139.5,AU,1612733621
sao joao da barra,71.6,100,90,4.61,-21.6403,-41.0511,BR,1612734199
ketchikan,29.12,64,1,12.66,55.3422,-131.6461,US,1612733642
saskylakh,-37.14,78,30,13.58,71.9167,114.0833,RU,1612733605
benguela,76.91,72,100,2.1,-12.5763,13.4055,AO,1612734203
mahibadhoo,80.89,77,6,14.12,3.7833,72.9667,MV,1612734204
aracati,81.72,73,0,11.01,-4.5617,-37.7697,BR,1612734205
leningradskiy,-14.66,82,0,7.34,69.3833,178.4167,RU,1612733630
anchorage,10.09,78,20,3.44,61.2181,-149.9003,US,1612734002
saint george,60.28,22,1,3.51,37.1041,-113.5841,US,1612734197
torbay,29.23,69,20,28.77,47.6666,-52.7314,CA,1612733665
soyo,80.74,84,100,7.29,-6.1349,12.3689,AO,1612734211
port hedland,75.2,83,40,5.75,-20.3167,118.5667,AU,1612734212
eureka,53.53,67,3,8.99,40.8021,-124.1637,US,1612733618
bandarbeyla,75.27,80,30,17.67,9.4942,50.8122,SO,1612733622
kavaratti,80.62,69,17,8.66,10.5669,72.642,IN,1612734216
jinka,68.81,52,28,0.85,5.65,36.65,ET,1612734217
kathu,75.2,88,20,2.3,7.9178,98.3332,TH,1612734218
longyearbyen,7.41,85,53,8.08,78.2186,15.6401,SJ,1612734020
buraydah,53.6,94,75,3.44,26.326,43.975,SA,1612733651
chimbote,74.82,66,99,9.91,-9.0853,-78.5783,PE,1612734221
bethel,28.81,93,90,5.75,41.3712,-73.414,US,1612734223
vila franca do campo,57.09,77,20,6.91,37.7167,-25.4333,PT,1612734224
mersing,78.8,89,82,6.91,2.4312,103.8405,MY,1612734225
atar,60.89,33,0,9.53,20.5169,-13.0499,MR,1612734226
tecoanapa,83.17,62,12,9.95,16.5167,-98.75,MX,1612734227
dingle,75.56,92,100,8.21,10.9995,122.6711,PH,1612734229
meulaboh,76.46,87,46,4.5,4.1363,96.1285,ID,1612734190
grants pass,39.25,87,90,0.56,42.439,-123.3284,US,1612734005
presidente dutra,76.33,90,86,2.8,-5.29,-44.49,BR,1612734232
davidson,35.71,60,40,4.61,36.1501,-86.7833,US,1612733997
progreso,88.79,48,40,4.61,21.2833,-89.6667,MX,1612734235
kahului,71.87,53,20,8.05,20.8947,-156.47,US,1612734040
zhangye,26.89,72,71,1.63,38.9342,100.4517,CN,1612734237
mehran,37.4,100,0,4.61,33.1222,46.1646,IR,1612734238
gubkinskiy,14.74,96,98,19.8,64.434,76.5026,RU,1612734239
hastings,28.78,87,99,5.01,50.8552,0.5729,GB,1612734180
magway,60.98,49,0,3.31,20.15,94.9167,MM,1612734242
chai badan,75.7,65,0,1.05,15.2,101.1333,TH,1612734243
callaway,52.57,71,90,6.91,30.153,-85.5699,US,1612733658
moose factory,-7.6,71,90,6.35,51.2585,-80.6094,CA,1612734245
sao miguel,82.4,74,20,13.8,-5.4667,-35.3667,BR,1612734246
axim,80.24,85,67,9.6,4.8699,-2.2405,GH,1612734248
salinopolis,78.78,87,86,9.66,-0.6136,-47.3561,BR,1612734182
pevek,-7.08,85,0,1.41,69.7008,170.3133,RU,1612734250
san cristobal,86,54,40,6.91,7.7669,-72.225,VE,1612734082
mantua,48.31,96,63,1.01,45.1667,10.7833,IT,1612734252
penzance,35.55,65,90,21.85,50.1186,-5.5371,GB,1612734253
kosh-agach,1.06,84,17,0.85,50,88.6667,RU,1612734255
puri,64.4,88,20,6.22,19.8,85.85,IN,1612734256
victor harbor,54.36,91,10,3,-35.5667,138.6167,AU,1612734257
quatre cocos,78.69,78,40,10.36,-20.2078,57.7625,MU,1612734258
natal,82.4,78,20,12.66,-5.795,-35.2094,BR,1612733665
williamsburg,39.97,87,75,6.91,37.2707,-76.7075,US,1612734261
los llanos de aridane,58.62,72,0,4.61,28.6585,-17.9182,ES,1612734262
norman wells,-20.2,69,40,3.44,65.282,-126.8329,CA,1612734263
dengzhou,28.62,83,0,7.49,37.8086,120.7508,CN,1612734264
azad shahr,35.55,83,0,6.02,34.7909,48.5707,IR,1612734265
bayir,60.8,67,75,19.57,37.2687,28.2167,TR,1612734167
pacifica,58.12,77,1,11.5,37.6138,-122.4869,US,1612734268
toamasina,77,88,40,3.44,-18.1667,49.3833,MG,1612734269
havre-saint-pierre,23,68,1,18.41,50.2334,-63.5986,CA,1612734270
oga,33.3,100,90,8.05,46.4631,10.347,IT,1612734271
bahia blanca,64.94,62,73,19.51,-38.7196,-62.2724,AR,1612734272
karpogory,-23.15,86,52,7.16,64.0019,44.4451,RU,1612734274
batagay,-33.2,83,28,1.79,67.6333,134.6333,RU,1612734135
puerto escondido,86,70,40,6.91,15.85,-97.0667,MX,1612734276
bonaventure,23,54,100,1.14,48.0457,-65.4926,CA,1612734277
filadelfia,34.57,93,90,8.05,39.9523,-75.1638,US,1612733987
kamennogorsk,14,90,72,3,60.9545,29.1339,RU,1612734280
baghdad,53.6,100,0,2.3,33.3406,44.4009,IQ,1612734281
yangambi,69.21,45,97,1.3,0.8102,24.4336,CD,1612734282
buala,83.5,77,66,7.87,-8.145,159.5921,SB,1612734283
dwarka,69.26,51,0,13.73,22.2394,68.9678,IN,1612734284
cayenne,80.6,83,75,13.8,4.9333,-52.3333,GF,1612734061
wexford,37.35,81,100,10,52.3342,-6.4575,IE,1612734287
kepno,21.99,66,100,20.51,51.2784,17.9891,PL,1612734288
lazaro cardenas,80.69,61,0,8.08,17.9583,-102.2,MX,1612734257
bloomfield,31.91,86,100,3.44,40.8068,-74.1854,US,1612734054
huittinen,21.2,79,90,5.75,61.1833,22.7,FI,1612734292
darab,54.7,70,86,2.84,28.7519,54.5444,IR,1612734293
verkhnevilyuysk,-9.56,87,100,9.24,63.4453,120.3167,RU,1612734294
launceston,52.93,76,90,5.75,-41.45,147.1667,AU,1612734295
bambous virieux,78.89,78,40,10.36,-20.3428,57.7575,MU,1612734296
ondjiva,78.3,39,77,7.45,-17.0667,15.7333,AO,1612734298
constitucion,64.4,76,2,8.37,-35.3333,-72.4167,CL,1612734299
luderitz,69.12,57,0,28.92,-26.6481,15.1594,NA,1612733701
lata,53.6,94,100,1.99,40.1629,-8.3327,PT,1612734301
labuhan,78.49,85,100,11.39,-6.8844,112.2051,ID,1612734302
grindavik,33.8,64,0,13.8,63.8424,-22.4338,IS,1612734303
hailar,-16.33,87,0,5.08,49.2,119.7,CN,1612734305
naze,59,67,40,4.61,28.3667,129.4833,JP,1612734306
pontianak,73.4,100,75,2.3,-0.0333,109.3333,ID,1612734307
hambantota,76.78,81,14,15.52,6.1241,81.1185,LK,1612734308
acapulco,86,62,1,9.22,16.8634,-99.8901,MX,1612734309
diu,66.42,28,0,7.72,20.7141,70.9822,IN,1612734311
goundam,72.34,20,100,10.6,16.4145,-3.6708,ML,1612734312
coahuayana,78.8,61,40,6.91,18.7333,-103.6833,MX,1612734313
vao,77.27,83,84,5.12,-22.6667,167.4833,NC,1612734314
irituia,76.41,92,7,4.59,-1.7711,-47.4381,BR,1612734315
prado,77.22,90,100,9.24,-17.3411,-39.2208,BR,1612734317
kopayhorod,14,88,100,18.21,48.8592,27.7969,UA,1612734318
la primavera,93.22,37,75,9.37,5.4906,-70.4092,CO,1612734319
bet shemesh,53.58,100,16,2.53,31.7496,34.9888,IL,1612734320
thinadhoo,81.61,73,36,7.74,0.5333,72.9333,MV,1612734321
todos santos,71.01,61,100,4,23.45,-110.2167,MX,1612734322
praia da vitoria,57.11,77,40,15.26,38.7333,-27.0667,PT,1612734324
bengkulu,75.43,82,90,5.55,-3.8004,102.2655,ID,1612734325
polyarnyy,19.4,93,75,8.95,69.1989,33.4478,RU,1612734326
verkhoyansk,-32.87,81,7,2.17,67.5447,133.385,RU,1612734327
calabozo,91.24,40,100,9.82,8.9242,-67.4293,VE,1612734329
upata,84,66,99,4,8.0086,-62.3989,VE,1612734191
talnakh,-19.95,75,19,2.59,69.4865,88.3972,RU,1612734331
biak,77.04,78,100,2.01,-0.9131,122.8766,ID,1612734332
olafsvik,35.85,79,24,13.8,64.8945,-23.7142,IS,1612734334
tutoia,84.2,79,20,13.8,-2.7619,-42.2744,BR,1612734335
fortuna,52.65,81,1,11.5,40.5982,-124.1573,US,1612734336
namatanai,82.76,75,100,3.62,-3.6667,152.4333,PG,1612734337
moindou,80.6,78,0,3.44,-21.6924,165.677,NC,1612734338
la palma,66.85,51,1,3.44,33.8464,-118.0467,US,1612734331
razdolinsk,28.81,95,98,14.65,58.4211,94.6658,RU,1612734341
souillac,80.6,78,40,10.36,-20.5167,57.5167,MU,1612734342
asau,30,73,97,2.24,46.4333,26.4,RO,1612734343
parrita,80.28,47,20,17.27,9.5201,-84.3225,CR,1612734344
de aar,72.14,57,27,15.17,-30.6497,24.0123,ZA,1612734345
karratha,77.32,73,6,8.61,-20.7377,116.8463,AU,1612734347
talaya,-9.17,87,100,8.63,61.3833,152.75,RU,1612734348
hosdurga,61.23,56,82,4.16,13.7981,76.2861,IN,1612734349
beidao,36.27,67,0,3.38,34.5686,105.8933,CN,1612734350
san joaquin,62.67,55,1,3.44,37.9333,-121.3011,US,1612734351
dakar,66.2,72,0,14.97,14.6937,-17.4441,SN,1612734293
cedar city,55.4,7,1,12.66,37.6775,-113.0619,US,1612734354
kabwe,67.53,95,100,3.74,-14.4469,28.4464,ZM,1612734355
san patricio,69.85,43,40,13.8,28.017,-97.5169,US,1612734356
tacuarembo,79.38,51,0,3.94,-31.7333,-55.9833,UY,1612734357
wewak,79.02,81,98,6.53,-3.5534,143.6268,PG,1612734358
port lincoln,61.14,76,78,15.97,-34.7333,135.8667,AU,1612734360
the valley,79.63,78,40,13.8,18.217,-63.0578,AI,1612734098
muli,81.39,72,0,17.05,2.9167,73.5667,MV,1612734362
batagay-alyta,-33.12,78,0,1.86,67.8006,130.4114,RU,1612734363
shurugwi,62.94,100,100,8.12,-19.6702,30.0059,ZW,1612734364
dryden,-14.8,53,1,20.71,49.7833,-92.7503,CA,1612734366
urumqi,12.2,85,100,2.24,43.801,87.6005,CN,1612734367
bagdarin,-7.01,85,97,2.28,54.4333,113.6,RU,1612734368
surovikino,14.09,78,68,8.99,48.6078,42.8486,RU,1612734369
tongren,49.51,82,100,7.11,27.7172,109.1853,CN,1612734370
cururupu,77.14,88,4,4.03,-1.8283,-44.8683,BR,1612734372
acurenam,70.14,97,74,3.49,1.0322,10.6488,GQ,1612734373
conakry,82.4,74,20,9.22,9.538,-13.6773,GN,1612734374
makakilo city,77.4,41,1,6.91,21.3469,-158.0858,US,1612734077
zelezniki,45.97,93,90,5.75,46.2333,14.1667,SI,1612734376
ventspils,14,100,0,3.44,57.3894,21.5606,LV,1612734377
touros,82.4,74,20,13.8,-5.1989,-35.4608,BR,1612734379
sao filipe,69.8,73,100,12.53,14.8961,-24.4956,CV,1612734380
romans-sur-isere,39,80,36,0.92,45.0464,5.0562,FR,1612734381
hongjiang,49.86,88,100,4.92,27.11,109.9956,CN,1612734382
port hardy,39.2,87,75,9.22,50.6996,-127.4199,CA,1612734383
merauke,80.06,86,100,9.33,-8.4667,140.3333,ID,1612734385
kieta,83.77,72,20,5.19,-6.2167,155.6333,PG,1612734386
myitkyina,55.81,59,20,2.57,25.3833,97.4,MM,1612734387
egvekinot,-12.3,85,0,14.38,66.3167,-179.1667,RU,1612734388
vila,48,96,100,21.99,42.0304,-8.1588,PT,1612734389
camalu,70,33,0,8.01,30.85,-116.0667,MX,1612734391
miyang,51.93,89,100,2.66,24.4042,103.4428,CN,1612734392
siocon,77.41,84,95,5.79,7.7061,122.1353,PH,1612734393
saqqez,36.64,82,19,3.44,36.2499,46.2735,IR,1612734394
sinnamary,78.21,84,100,14.79,5.3833,-52.95,GF,1612734395
yakeshi,-23.64,86,6,3,49.2833,120.7333,CN,1612734397
huadian,-3.53,91,93,5.7,42.9633,126.7478,CN,1612734398
vidim,14.52,94,100,8.16,56.4088,103.1106,RU,1612734399
mayskiy,15.8,73,0,4.47,47.6931,40.1025,RU,1612734400
capreol,12.34,44,75,12.66,46.706,-80.9225,CA,1612734401
cap malheureux,77,84,66,5.99,-19.9842,57.6142,MU,1612734403
wattegama,72.16,92,13,5.41,6.7989,81.4808,LK,1612734404
banda aceh,78.62,79,47,6.93,5.5577,95.3222,ID,1612734405
dourados,72.27,70,0,3.11,-22.2211,-54.8056,BR,1612734406
sulangan,80.83,81,100,20.18,11.1373,123.7228,PH,1612734407
alappuzha,75.15,77,19,7.02,9.49,76.3264,IN,1612734409
sabzevar,51.17,47,100,0.85,36.2126,57.6819,IR,1612734410
samarai,83.55,71,99,3.58,-10.6167,150.6667,PG,1612734411
luganville,83.57,60,0,7,-15.5333,167.1667,VU,1612734412
dunedin,61,88,89,1.01,-45.8742,170.5036,NZ,1612734229
nantucket,32.47,100,90,31.07,41.2835,-70.0995,US,1612734414
tura,56.98,46,3,2.8,25.5198,90.2201,IN,1612734416
port pirie,62.6,72,0,9.22,-33.1833,138.0167,AU,1612734417
waitara,62.01,84,56,5.99,-38.925,174.25,NZ,1612734418
linqiong,46.4,81,0,1.81,30.4159,103.4609,CN,1612734419
pszczyna,19.67,96,100,20.09,49.9804,18.9538,PL,1612734420
lasa,36.75,100,90,4.61,46.6166,10.7002,IT,1612734421
brawley,76.39,17,1,0.96,32.9787,-115.5303,US,1612734423
college,-14.73,76,20,2.35,64.8569,-147.8028,US,1612734403
lashio,50.79,98,4,2.06,22.9333,97.75,MM,1612734425
ugoofaaru,81.32,76,15,10.25,5.6667,73,MV,1612734426
arthur,9.23,66,90,6.91,39.7148,-88.4723,US,1612734427
evensk,15.35,90,100,33.76,61.95,159.2333,RU,1612734428
chuy,69.1,72,32,10.38,-33.6971,-53.4616,UY,1612734430
cananeia,74.37,67,0,5.99,-25.0147,-47.9267,BR,1612734431
burnie,55.99,68,97,6.02,-41.0667,145.9167,AU,1612734432
kainantu,63.36,91,100,2.53,-6.2887,145.8655,PG,1612734433
pitimbu,82.4,78,75,9.22,-7.4706,-34.8086,BR,1612734435
palmer,27,93,90,8.05,42.1584,-72.3287,US,1612734436
wellington,66.52,73,75,19.57,-41.2866,174.7756,NZ,1612734376
dayong,62.6,88,0,2.24,25.0209,118.2898,CN,1612734438
itoman,57.36,72,20,6.91,26.1247,127.6694,JP,1612734439
hirara,64.4,82,20,6.91,24.8,125.2833,JP,1612734440
pringsewu,72.79,94,84,2.44,-5.3582,104.9744,ID,1612734442
monrovia,77,94,20,9.17,6.3005,-10.7969,LR,1612734241
bukoba,68,94,20,4.72,-1.3317,31.8122,TZ,1612734444
westport,30.36,93,90,8.05,41.1415,-73.3579,US,1612734237
diffa,70.68,19,0,9.06,13.3154,12.6113,NE,1612734446
stornoway,34.54,75,75,12.66,58.2093,-6.3865,GB,1612734447
mar del plata,60.13,88,90,18.41,-38.0023,-57.5575,AR,1612734266
fasa,51.8,93,90,3.76,28.9383,53.6482,IR,1612734450
songea,65.75,99,91,2.17,-10.6833,35.65,TZ,1612734451
vestmanna,37.4,56,75,13.8,62.1564,-7.1664,FO,1612734355
talara,77.77,70,0,15.1,-4.5772,-81.2719,PE,1612734453
necochea,60.01,73,100,8.99,-38.5473,-58.7368,AR,1612734454
tuy hoa,70.92,90,100,4.79,13.0833,109.3,VN,1612734455
andrews,73.4,8,1,12.66,32.3187,-102.5457,US,1612734456
yeniseysk,19.31,94,52,7.4,58.4497,92.1703,RU,1612734458
waddan,73.62,17,100,15.7,29.1614,16.139,LY,1612734459
vanderhoof,3.97,89,98,0.94,54.0166,-124.0198,CA,1612734460
superior,-3.23,32,1,13.8,46.7208,-92.1041,US,1612734461
ilebo,72.18,88,99,0.87,-4.3167,20.5833,CD,1612734462
yeysk,26.4,85,100,7.2,46.6989,38.2792,RU,1612734463
ayan,-5.96,85,100,21.59,56.45,138.1667,RU,1612734465
puerto penasco,63,64,47,5.99,31.3167,-113.5333,MX,1612734466
tilichiki,11.37,96,100,15.01,60.4667,166.1,RU,1612734467
tsiroanomandidy,68.7,91,100,3.62,-18.7667,46.0333,MG,1612734468
inhambane,78.98,85,100,8.75,-23.865,35.3833,MZ,1612734469
pemangkat,74.77,90,98,6.11,1.1667,108.9667,ID,1612734471
north bend,50.54,62,20,11.5,43.4065,-124.2243,US,1612734472
guarapuava,64.71,56,0,2.62,-25.3953,-51.4581,BR,1612734473
ottumwa,0.18,65,90,4.61,41.02,-92.4113,US,1612734474
ivanovka,39.2,81,100,6.71,42.8878,75.085,KG,1612734475
rudbar,60.67,29,31,13.62,30.15,62.6,AF,1612734477
matara,74.14,90,17,5.19,5.9485,80.5353,LK,1612734224
moree,73.4,68,0,10.36,-29.4667,149.85,AU,1612734479
lagoa,57.88,75,100,19.04,39.05,-27.9833,PT,1612734480
riohacha,84.18,60,96,13.71,11.5444,-72.9072,CO,1612734482
calvinia,60.89,53,0,4.97,-31.4707,19.776,ZA,1612734483
longyan,63,66,0,1.01,25.1072,117.0225,CN,1612734484
niteroi,74.62,88,75,8.05,-22.8833,-43.1036,BR,1612734485
ngunguru,70,77,87,5.01,-35.6167,174.5,NZ,1612734486
eregli,47.23,53,35,1.72,37.5133,34.0467,TR,1612734302
kaeo,70,77,41,5.01,-35.1,173.7833,NZ,1612734231
mujiayingzi,3.27,87,0,6.96,42.1167,118.7833,CN,1612734490
yendi,85.12,15,24,3.91,9.4427,-0.0099,GH,1612734200
kathmandu,41,93,20,2.3,27.7167,85.3167,NP,1612734492
paramonga,75.04,68,97,8.77,-10.6667,-77.8333,PE,1612734493
smithers,14,79,20,3.44,54.7804,-127.1743,CA,1612734495
kozmodemyansk,-7.6,77,40,13.42,56.3367,46.5711,RU,1612734496
palu,75.96,81,73,1.66,-0.8917,119.8707,ID,1612734497
mizan teferi,65.46,32,6,1.5,6.9833,35.5833,ET,1612734498
virginia beach,39.85,92,98,3,36.8529,-75.978,US,1612734476
tucuman,89.6,51,0,9.22,-26.8241,-65.2226,AR,1612734498
nanortalik,29.79,88,94,12.68,60.1432,-45.2371,GL,1612734502
libreville,78.8,94,20,4.61,0.3925,9.4537,GA,1612734503
pahrump,62.15,21,0,3.74,36.2083,-115.9839,US,1612734504
porto torres,53.6,71,40,6.91,40.835,8.3972,IT,1612734506
stryn,5.07,58,0,11.5,61.9045,6.7226,NO,1612734507
champerico,83.88,43,40,6.91,14.3,-91.9167,GT,1612734508
la ronge,-27.4,51,64,6.91,55.1001,-105.2842,CA,1612734509
kailua,75.76,50,90,4.61,21.4022,-157.7394,US,1612734510
edd,73.47,76,10,5.93,13.9297,41.6925,ER,1612734511
hauterive,39.2,75,75,3.44,46.0901,3.4459,FR,1612734513
vestmannaeyjar,38.77,74,50,22.57,63.4427,-20.2734,IS,1612734514
te anau,62.24,65,100,3.33,-45.4167,167.7167,NZ,1612734279
iquique,75.2,50,0,20.71,-20.2208,-70.1431,CL,1612734516
camocim,80.62,80,39,12.21,-2.9022,-40.8411,BR,1612734411
bonthe,79.65,81,20,7.7,7.5264,-12.505,SL,1612734519
balikpapan,78.8,94,40,4.61,-1.2675,116.8289,ID,1612734520
petauke,67.17,95,100,4.81,-14.2426,31.3253,ZM,1612734521
yerbogachen,20.08,97,100,4.63,61.2767,108.0108,RU,1612734522
at-bashi,23.02,83,85,1.74,41.1702,75.8106,KG,1612734523
koungheul,77.85,16,87,10,13.9833,-14.8,SN,1612734524
teya,21.11,92,73,14.47,60.3778,92.6267,RU,1612734526
tessalit,63.45,27,100,9.93,20.1986,1.0114,ML,1612734527
jiutai,-13,77,0,2.73,44.1525,125.8328,CN,1612734528
llangefni,35.73,60,90,19.57,53.2556,-4.3106,GB,1612734529
nuuk,32,40,65,13.8,64.1835,-51.7216,GL,1612734530
kismayo,77.14,80,0,16.89,-0.3582,42.5454,SO,1612734531
aklavik,-21.15,76,100,12.66,68.2191,-135.0107,CA,1612734533
ostrovnoy,4.21,92,76,15.73,68.0531,39.5131,RU,1612734305
tharad,58.35,34,0,5.46,24.3961,71.6267,IN,1612734535
katima mulilo,69.19,91,98,4.43,-17.5,24.2667,NA,1612734536
voloka,25.54,95,100,12.41,48.1922,25.9307,UA,1612734537
pundaguitan,79.54,84,100,9.08,6.3711,126.1689,PH,1612734538
krasnoarmeysk,-4.16,90,62,15.82,51.0239,45.6969,RU,1612734540
saint-georges,80.6,78,75,11.5,12.0564,-61.7485,GD,1612734541
road town,79.61,69,40,11.5,18.4167,-64.6167,VG,1612734542
anan,41,81,20,2.3,33.9167,134.65,JP,1612734543
itarema,80.73,77,0,13.76,-2.9248,-39.9167,BR,1612734544
nyrob,-22.14,86,100,6.51,60.733,56.7202,RU,1612734546
moerai,81.37,72,51,9.91,-22.4333,-151.3333,PF,1612734547
ust-karsk,-17.34,83,49,3.11,52.7011,118.8077,RU,1612734548
gawler,58.57,70,0,11.99,-34.6,138.7333,AU,1612734549
belmonte,80.6,78,75,11.5,-15.8631,-38.8828,BR,1612734550
saint anthony,-2.2,42,1,5.66,45.0205,-93.218,US,1612734552
bunia,66.06,38,58,3.36,1.5667,30.25,CD,1612734553
zaragoza,49.55,66,90,13.8,41.6561,-0.8773,ES,1612734554
bubaque,77.61,67,14,12.73,11.2833,-15.8333,GW,1612734555
porto novo,84.2,84,40,12.66,6.4965,2.6036,BJ,1612734556
montgomery,37.65,93,75,5.75,39.1501,-77.1997,US,1612734557
socorro,69.66,10,1,13.8,31.6546,-106.3033,US,1612734559
rocha,66.83,84,75,7.83,-34.4833,-54.3333,UY,1612734560
tabou,79.38,87,71,7.27,4.423,-7.3528,CI,1612734561
mount hagen,63.09,87,99,0.76,-5.8581,144.2274,PG,1612734563
valerianovsk,-9.9,86,100,10.8,58.76,59.5522,RU,1612734564
najran,62.6,42,55,2.3,17.4924,44.1277,SA,1612734565
hobyo,77.59,80,1,18.75,5.3505,48.5268,SO,1612734566
seddon,59.99,67,90,6.91,-37.8068,144.8916,AU,1612734567
chandler,70.92,20,44,1.99,33.3062,-111.8412,US,1612734533
sao paulo de olivenca,80.42,93,97,1.74,-3.3783,-68.8725,BR,1612734569
bonnybridge,33.33,74,92,4,56.0015,-3.8886,GB,1612734571
bridgetown,80.6,61,20,19.57,13.1,-59.6167,BB,1612734572
provideniya,-2.51,81,61,17.43,64.3833,-173.3,RU,1612734573
nizhniy baskunchak,14.45,77,0,13.02,48.2198,46.8311,RU,1612734574
nome,-4.45,84,1,3.85,64.5011,-165.4064,US,1612734575
tolbazy,-5.42,71,90,13.42,54.0241,55.8825,RU,1612734577
taoudenni,61.03,31,0,7.36,22.6783,-3.9836,ML,1612734500
deputatskiy,-26.48,85,44,2.26,69.3,139.9,RU,1612734579
ritchie,78.26,43,17,16.15,-29.038,24.6028,ZA,1612734580
bilma,68.92,20,100,8.88,18.6853,12.9164,NE,1612734581
lundamo,14.49,85,40,10.36,63.1333,10.3,NO,1612734582
sept-iles,20.97,68,23,2.3,50.2001,-66.3821,CA,1612734584
malyn,10.4,79,100,6.71,50.7723,29.2383,UA,1612734585
tiarei,86,58,20,4.61,-17.5333,-149.3333,PF,1612734586
fort nelson,-14.8,70,75,11.5,58.8053,-122.7002,CA,1612734587
chulym,12.42,94,100,14.83,55.0997,80.9572,RU,1612734588
chernyshevskiy,1.83,95,100,2.21,63.0128,112.4714,RU,1612734590
zeya,-15.77,81,0,3.22,53.75,127.2667,RU,1612734591
mana,77.95,86,97,13.15,5.6592,-53.7767,GF,1612734592
pingxiang,53.15,91,100,2.37,27.6167,113.85,CN,1612734593
watertown,30.31,93,90,5.75,42.3709,-71.1828,US,1612734594
san felipe,76.17,77,81,7.38,10.3399,-68.7425,VE,1612734595
isla mujeres,83.1,70,40,11.5,21.2311,-86.731,MX,1612734597
kaka,54.66,56,75,4.43,37.3482,59.6143,TM,1612734598
alekseyevsk,23.31,96,100,11.01,57.8406,108.3492,RU,1612734599
huoqiu,42.35,66,100,10.4,32.3394,116.2694,CN,1612734600
kilindoni,82.31,81,86,13.15,-7.9139,39.6668,TZ,1612734601
romny,3.7,92,100,4.09,50.751,33.4747,UA,1612734602
contamana,86,67,89,1.79,-7.3333,-75.0167,PE,1612734604
tumarbong,78.53,84,100,12.71,10.3766,119.4579,PH,1612734605
okha,14.76,96,100,24.47,53.5739,142.9478,RU,1612734606
walvis bay,64.67,77,4,11.5,-22.9575,14.5053,NA,1612734607
primorsk,27.45,83,100,11.1,46.7348,36.3443,UA,1612734608
hjelset,21.2,53,0,9.22,62.7833,7.4833,NO,1612734610
grand-santi,74.25,96,100,3.83,4.25,-54.3833,GF,1612734611
sao jose da coroa grande,79.16,79,84,10.29,-8.8978,-35.1478,BR,1612734612
micheweni,80.92,81,98,10.63,-4.9667,39.8333,TZ,1612734613
luau,66.47,97,100,5.59,-10.7073,22.2247,AO,1612734614
dickinson,58.96,63,1,11.5,29.4608,-95.0513,US,1612734615
gamba,78.22,86,100,3,-2.65,10,GA,1612734617
saint-joseph,79.27,69,75,4.61,-21.3667,55.6167,RE,1612734404
vangaindrano,77.29,91,79,6.49,-23.35,47.6,MG,1612734619
narrabri,71.91,64,0,12.66,-30.3167,149.7833,AU,1612734620
zhezkazgan,31.26,99,100,26.75,47.8043,67.7144,KZ,1612734621
roma,25.18,74,90,12.66,43.2128,-75.4557,US,1612734602
manavgat,55.33,94,87,4.61,36.7867,31.4431,TR,1612734624
vanimo,78.31,83,100,4.59,-2.6741,141.3028,PG,1612734625
juegang,42.01,76,92,3,32.3174,121.1855,CN,1612734626
geraldton,68,88,75,2.3,-28.7667,114.6,AU,1612734627
manzanillo,83.01,63,19,10.58,20.3433,-77.1167,CU,1612734628
alta floresta,73.51,95,99,3.02,-9.8756,-56.0861,BR,1612734630
frutal,73.83,71,32,1.92,-20.0247,-48.9406,BR,1612734631
ipixuna,78.8,78,40,10.36,-1.7625,-48.8043,BR,1612734632
saint-francois,38.64,81,90,2.3,46.4154,3.9054,FR,1612734633
kloulklubed,77,100,90,4.61,7.0419,134.2556,PW,1612734634
komsomolskiy,41,81,99,6.91,40.4272,71.7189,UZ,1612734636
aksarka,-17.3,88,100,29.28,66.5606,67.7975,RU,1612734637
santa helena de goias,73.87,80,34,4.81,-17.8136,-50.5969,BR,1612734638
constantine,48.2,71,75,6.91,36.365,6.6147,DZ,1612734433
ixtapa,75.2,73,20,11.5,20.7,-105.2,MX,1612734640
umm kaddadah,62.71,28,0,12.86,13.6017,26.6876,SD,1612734642
bairiki,80.6,89,20,10.36,1.3292,172.9752,KI,1612734643
flin flon,-25.6,56,1,10.36,54.7682,-101.865,CA,1612734644
wanning,68.67,89,67,4.68,18.8003,110.3967,CN,1612734645
anloga,84.2,84,20,11.5,5.7947,0.8973,GH,1612734646
sawtell,73.76,69,40,13.8,-30.3833,153.1,AU,1612734648
tazovskiy,-8.91,91,100,18.92,67.4667,78.7,RU,1612734649
andenes,32,69,75,19.57,69.3143,16.1194,NO,1612734650
senovo,49.57,76,90,3.44,46.0236,15.4769,SI,1612734651
obo,65.97,26,73,5.53,5.3998,26.4869,CF,1612734652
panaba,84.88,60,6,7.72,21.2833,-88.2667,MX,1612734653
